ID;Temperatura;Humedad;Relacion_a_c;Edad;Resistencia;Aditivo_id
1;10;50;0.4;7;26.73;1
2;10;50;0.4;7;29.26;1
3;10;50;0.4;7;26.58;1
4;10;50;0.4;7;26.09;1
5;10;50;0.4;7;26.46;1
6;10;50;0.4;7;26.83;1
7;10;50;0.4;14;35.12;1
8;10;50;0.4;14;36.45;1
9;10;50;0.4;14;35.77;1
10;10;50;0.4;14;37.18;1
11;10;50;0.4;14;34.59;1
12;10;50;0.4;14;37.57;1
13;10;50;0.4;28;39.29;1
14;10;50;0.4;28;44.36;1
15;10;50;0.4;28;41.98;1
16;10;50;0.4;28;42.85;1
17;10;50;0.4;28;38.32;1
18;10;50;0.4;28;39.80;1
19;10;50;0.4;7;30.21;2
20;10;50;0.4;7;31.43;2
21;10;50;0.4;7;28.14;2
22;10;50;0.4;7;29.40;2
23;10;50;0.4;7;31.08;2
24;10;50;0.4;7;31.07;2
25;10;50;0.4;14;33.84;2
26;10;50;0.4;14;35.35;2
27;10;50;0.4;14;36.54;2
28;10;50;0.4;14;39.93;2
29;10;50;0.4;14;34.76;2
30;10;50;0.4;14;36.77;2
31;10;50;0.4;28;46.69;2
32;10;50;0.4;28;44.04;2
33;10;50;0.4;28;44.89;2
34;10;50;0.4;28;43.19;2
35;10;50;0.4;28;45.63;2
36;10;50;0.4;28;45.94;2
37;10;50;0.4;7;28.72;3
38;10;50;0.4;7;32.09;3
39;10;50;0.4;7;30.31;3
40;10;50;0.4;7;28.51;3
41;10;50;0.4;7;30.33;3
42;10;50;0.4;7;28.66;3
43;10;50;0.4;14;38.21;3
44;10;50;0.4;14;39.68;3
45;10;50;0.4;14;36.49;3
46;10;50;0.4;14;37.84;3
47;10;50;0.4;14;36.25;3
48;10;50;0.4;14;37.19;3
49;10;50;0.4;28;47.40;3
50;10;50;0.4;28;41.94;3
51;10;50;0.4;28;44.04;3
52;10;50;0.4;28;45.24;3
53;10;50;0.4;28;41.96;3
54;10;50;0.4;28;45.89;3
55;10;50;0.4;7;27.29;4
56;10;50;0.4;7;30.66;4
57;10;50;0.4;7;31.00;4
58;10;50;0.4;7;28.43;4
59;10;50;0.4;7;29.62;4
60;10;50;0.4;7;31.26;4
61;10;50;0.4;14;39.15;4
62;10;50;0.4;14;36.01;4
63;10;50;0.4;14;39.78;4
64;10;50;0.4;14;40.26;4
65;10;50;0.4;14;39.82;4
66;10;50;0.4;14;40.56;4
67;10;50;0.4;28;47.69;4
68;10;50;0.4;28;49.73;4
69;10;50;0.4;28;44.25;4
70;10;50;0.4;28;42.53;4
71;10;50;0.4;28;48.61;4
72;10;50;0.4;28;45.93;4
73;10;50;0.5;7;22.89;1
74;10;50;0.5;7;25.73;1
75;10;50;0.5;7;23.76;1
76;10;50;0.5;7;25.47;1
77;10;50;0.5;7;24.83;1
78;10;50;0.5;7;26.15;1
79;10;50;0.5;14;32.59;1
80;10;50;0.5;14;32.90;1
81;10;50;0.5;14;30.88;1
82;10;50;0.5;14;30.93;1
83;10;50;0.5;14;34.44;1
84;10;50;0.5;14;31.32;1
85;10;50;0.5;28;37.81;1
86;10;50;0.5;28;34.43;1
87;10;50;0.5;28;38.59;1
88;10;50;0.5;28;37.26;1
89;10;50;0.5;28;38.31;1
90;10;50;0.5;28;37.04;1
91;10;50;0.5;7;23.91;2
92;10;50;0.5;7;27.41;2
93;10;50;0.5;7;25.51;2
94;10;50;0.5;7;22.67;2
95;10;50;0.5;7;25.55;2
96;10;50;0.5;7;24.55;2
97;10;50;0.5;14;33.10;2
98;10;50;0.5;14;35.54;2
99;10;50;0.5;14;32.36;2
100;10;50;0.5;14;35.85;2
101;10;50;0.5;14;33.67;2
102;10;50;0.5;14;31.25;2
103;10;50;0.5;28;42.65;2
104;10;50;0.5;28;40.11;2
105;10;50;0.5;28;40.18;2
106;10;50;0.5;28;36.05;2
107;10;50;0.5;28;40.56;2
108;10;50;0.5;28;40.03;2
109;10;50;0.5;7;24.99;3
110;10;50;0.5;7;27.24;3
111;10;50;0.5;7;26.87;3
112;10;50;0.5;7;26.84;3
113;10;50;0.5;7;27.06;3
114;10;50;0.5;7;25.26;3
115;10;50;0.5;14;32.02;3
116;10;50;0.5;14;32.98;3
117;10;50;0.5;14;31.74;3
118;10;50;0.5;14;33.58;3
119;10;50;0.5;14;35.70;3
120;10;50;0.5;14;34.40;3
121;10;50;0.5;28;40.93;3
122;10;50;0.5;28;41.89;3
123;10;50;0.5;28;38.69;3
124;10;50;0.5;28;39.64;3
125;10;50;0.5;28;40.87;3
126;10;50;0.5;28;42.94;3
127;10;50;0.5;7;27.32;4
128;10;50;0.5;7;24.23;4
129;10;50;0.5;7;28.06;4
130;10;50;0.5;7;25.69;4
131;10;50;0.5;7;28.55;4
132;10;50;0.5;7;26.68;4
133;10;50;0.5;14;38.07;4
134;10;50;0.5;14;36.68;4
135;10;50;0.5;14;35.73;4
136;10;50;0.5;14;33.77;4
137;10;50;0.5;14;34.04;4
138;10;50;0.5;14;31.81;4
139;10;50;0.5;28;36.78;4
140;10;50;0.5;28;38.24;4
141;10;50;0.5;28;39.70;4
142;10;50;0.5;28;42.17;4
143;10;50;0.5;28;42.15;4
144;10;50;0.5;28;39.98;4
145;10;70;0.4;7;26.84;1
146;10;70;0.4;7;29.99;1
147;10;70;0.4;7;28.50;1
148;10;70;0.4;7;27.71;1
149;10;70;0.4;7;27.65;1
150;10;70;0.4;7;28.91;1
151;10;70;0.4;14;33.90;1
152;10;70;0.4;14;37.37;1
153;10;70;0.4;14;37.99;1
154;10;70;0.4;14;39.55;1
155;10;70;0.4;14;35.83;1
156;10;70;0.4;14;36.95;1
157;10;70;0.4;28;45.18;1
158;10;70;0.4;28;47.04;1
159;10;70;0.4;28;40.43;1
160;10;70;0.4;28;39.70;1
161;10;70;0.4;28;42.47;1
162;10;70;0.4;28;43.37;1
163;10;70;0.4;7;29.83;2
164;10;70;0.4;7;29.48;2
165;10;70;0.4;7;28.33;2
166;10;70;0.4;7;30.30;2
167;10;70;0.4;7;29.39;2
168;10;70;0.4;7;28.64;2
169;10;70;0.4;14;38.37;2
170;10;70;0.4;14;40.59;2
171;10;70;0.4;14;39.12;2
172;10;70;0.4;14;37.41;2
173;10;70;0.4;14;34.75;2
174;10;70;0.4;14;37.66;2
175;10;70;0.4;28;45.30;2
176;10;70;0.4;28;43.93;2
177;10;70;0.4;28;45.94;2
178;10;70;0.4;28;42.38;2
179;10;70;0.4;28;44.09;2
180;10;70;0.4;28;46.09;2
181;10;70;0.4;7;27.62;3
182;10;70;0.4;7;30.80;3
183;10;70;0.4;7;30.26;3
184;10;70;0.4;7;32.35;3
185;10;70;0.4;7;29.21;3
186;10;70;0.4;7;27.51;3
187;10;70;0.4;14;40.81;3
188;10;70;0.4;14;41.50;3
189;10;70;0.4;14;40.84;3
190;10;70;0.4;14;42.56;3
191;10;70;0.4;14;36.65;3
192;10;70;0.4;14;37.28;3
193;10;70;0.4;28;47.41;3
194;10;70;0.4;28;49.13;3
195;10;70;0.4;28;51.79;3
196;10;70;0.4;28;46.57;3
197;10;70;0.4;28;46.95;3
198;10;70;0.4;28;48.04;3
199;10;70;0.4;7;30.60;4
200;10;70;0.4;7;30.96;4
201;10;70;0.4;7;31.15;4
202;10;70;0.4;7;31.23;4
203;10;70;0.4;7;33.88;4
204;10;70;0.4;7;32.71;4
205;10;70;0.4;14;39.81;4
206;10;70;0.4;14;41.50;4
207;10;70;0.4;14;38.84;4
208;10;70;0.4;14;39.48;4
209;10;70;0.4;14;37.73;4
210;10;70;0.4;14;40.55;4
211;10;70;0.4;28;44.35;4
212;10;70;0.4;28;53.97;4
213;10;70;0.4;28;49.65;4
214;10;70;0.4;28;44.26;4
215;10;70;0.4;28;46.51;4
216;10;70;0.4;28;46.46;4
217;10;70;0.45;7;24.25;1
218;10;70;0.45;7;27.97;1
219;10;70;0.45;7;26.17;1
220;10;70;0.45;7;28.16;1
221;10;70;0.45;7;27.20;1
222;10;70;0.45;7;27.74;1
223;10;70;0.45;14;35.41;1
224;10;70;0.45;14;39.06;1
225;10;70;0.45;14;34.65;1
226;10;70;0.45;14;35.06;1
227;10;70;0.45;14;36.59;1
228;10;70;0.45;14;34.23;1
229;10;70;0.45;28;40.89;1
230;10;70;0.45;28;41.49;1
231;10;70;0.45;28;35.39;1
232;10;70;0.45;28;41.40;1
233;10;70;0.45;28;40.70;1
234;10;70;0.45;28;43.98;1
235;10;70;0.45;7;27.01;2
236;10;70;0.45;7;29.94;2
237;10;70;0.45;7;27.91;2
238;10;70;0.45;7;26.71;2
239;10;70;0.45;7;28.91;2
240;10;70;0.45;7;27.74;2
241;10;70;0.45;14;35.38;2
242;10;70;0.45;14;35.87;2
243;10;70;0.45;14;36.92;2
244;10;70;0.45;14;38.57;2
245;10;70;0.45;14;35.55;2
246;10;70;0.45;14;37.26;2
247;10;70;0.45;28;42.80;2
248;10;70;0.45;28;43.82;2
249;10;70;0.45;28;42.84;2
250;10;70;0.45;28;43.10;2
251;10;70;0.45;28;40.65;2
252;10;70;0.45;28;43.10;2
253;10;70;0.45;7;28.96;3
254;10;70;0.45;7;29.01;3
255;10;70;0.45;7;30.02;3
256;10;70;0.45;7;29.89;3
257;10;70;0.45;7;28.77;3
258;10;70;0.45;7;27.90;3
259;10;70;0.45;14;38.17;3
260;10;70;0.45;14;36.99;3
261;10;70;0.45;14;36.76;3
262;10;70;0.45;14;37.08;3
263;10;70;0.45;14;36.64;3
264;10;70;0.45;14;36.66;3
265;10;70;0.45;28;44.68;3
266;10;70;0.45;28;43.52;3
267;10;70;0.45;28;46.71;3
268;10;70;0.45;28;45.27;3
269;10;70;0.45;28;42.29;3
270;10;70;0.45;28;43.69;3
271;10;70;0.45;7;28.90;4
272;10;70;0.45;7;29.83;4
273;10;70;0.45;7;32.40;4
274;10;70;0.45;7;31.89;4
275;10;70;0.45;7;30.13;4
276;10;70;0.45;7;29.10;4
277;10;70;0.45;14;37.29;4
278;10;70;0.45;14;40.62;4
279;10;70;0.45;14;38.67;4
280;10;70;0.45;14;39.55;4
281;10;70;0.45;14;38.62;4
282;10;70;0.45;14;38.93;4
283;10;70;0.45;28;45.32;4
284;10;70;0.45;28;45.70;4
285;10;70;0.45;28;45.41;4
286;10;70;0.45;28;44.86;4
287;10;70;0.45;28;43.93;4
288;10;70;0.45;28;41.13;4
289;25;20;0.45;7;27.61;1
290;25;20;0.45;7;27.00;1
291;25;20;0.45;7;29.05;1
292;25;20;0.45;7;27.24;1
293;25;20;0.45;7;30.36;1
294;25;20;0.45;7;28.99;1
295;25;20;0.45;14;38.26;1
296;25;20;0.45;14;37.22;1
297;25;20;0.45;14;35.00;1
298;25;20;0.45;14;36.67;1
299;25;20;0.45;14;36.12;1
300;25;20;0.45;14;34.64;1
301;25;20;0.45;28;44.41;1
302;25;20;0.45;28;42.79;1
303;25;20;0.45;28;46.42;1
304;25;20;0.45;28;46.14;1
305;25;20;0.45;28;42.41;1
306;25;20;0.45;28;41.07;1
307;25;20;0.45;7;27.84;2
308;25;20;0.45;7;29.18;2
309;25;20;0.45;7;29.41;2
310;25;20;0.45;7;27.87;2
311;25;20;0.45;7;27.82;2
312;25;20;0.45;7;29.82;2
313;25;20;0.45;14;37.87;2
314;25;20;0.45;14;38.93;2
315;25;20;0.45;14;36.92;2
316;25;20;0.45;14;34.43;2
317;25;20;0.45;14;38.29;2
318;25;20;0.45;14;38.07;2
319;25;20;0.45;28;43.34;2
320;25;20;0.45;28;45.93;2
321;25;20;0.45;28;45.08;2
322;25;20;0.45;28;45.98;2
323;25;20;0.45;28;39.60;2
324;25;20;0.45;28;45.90;2
325;25;20;0.45;7;29.61;3
326;25;20;0.45;7;30.24;3
327;25;20;0.45;7;31.77;3
328;25;20;0.45;7;28.35;3
329;25;20;0.45;7;29.38;3
330;25;20;0.45;7;30.88;3
331;25;20;0.45;14;41.10;3
332;25;20;0.45;14;39.39;3
333;25;20;0.45;14;41.13;3
334;25;20;0.45;14;41.63;3
335;25;20;0.45;14;41.07;3
336;25;20;0.45;14;38.43;3
337;25;20;0.45;28;47.68;3
338;25;20;0.45;28;48.24;3
339;25;20;0.45;28;47.00;3
340;25;20;0.45;28;48.97;3
341;25;20;0.45;28;42.66;3
342;25;20;0.45;28;50.09;3
343;25;20;0.45;7;31.87;4
344;25;20;0.45;7;30.10;4
345;25;20;0.45;7;30.21;4
346;25;20;0.45;7;31.77;4
347;25;20;0.45;7;30.00;4
348;25;20;0.45;7;32.44;4
349;25;20;0.45;14;40.16;4
350;25;20;0.45;14;41.20;4
351;25;20;0.45;14;43.42;4
352;25;20;0.45;14;38.13;4
353;25;20;0.45;14;38.66;4
354;25;20;0.45;14;43.20;4
355;25;20;0.45;28;47.98;4
356;25;20;0.45;28;54.45;4
357;25;20;0.45;28;48.35;4
358;25;20;0.45;28;47.98;4
359;25;20;0.45;28;45.15;4
360;25;20;0.45;28;46.01;4
361;25;20;0.5;7;24.63;1
362;25;20;0.5;7;25.14;1
363;25;20;0.5;7;28.35;1
364;25;20;0.5;7;25.13;1
365;25;20;0.5;7;25.95;1
366;25;20;0.5;7;28.75;1
367;25;20;0.5;14;35.86;1
368;25;20;0.5;14;35.86;1
369;25;20;0.5;14;32.37;1
370;25;20;0.5;14;34.52;1
371;25;20;0.5;14;35.17;1
372;25;20;0.5;14;37.44;1
373;25;20;0.5;28;39.61;1
374;25;20;0.5;28;39.91;1
375;25;20;0.5;28;39.24;1
376;25;20;0.5;28;43.68;1
377;25;20;0.5;28;40.82;1
378;25;20;0.5;28;36.59;1
379;25;20;0.5;7;27.59;2
380;25;20;0.5;7;26.00;2
381;25;20;0.5;7;28.55;2
382;25;20;0.5;7;26.71;2
383;25;20;0.5;7;26.24;2
384;25;20;0.5;7;27.75;2
385;25;20;0.5;14;37.19;2
386;25;20;0.5;14;35.38;2
387;25;20;0.5;14;37.95;2
388;25;20;0.5;14;36.14;2
389;25;20;0.5;14;36.19;2
390;25;20;0.5;14;39.35;2
391;25;20;0.5;28;43.83;2
392;25;20;0.5;28;39.12;2
393;25;20;0.5;28;43.15;2
394;25;20;0.5;28;42.20;2
395;25;20;0.5;28;43.75;2
396;25;20;0.5;28;40.57;2
397;25;20;0.5;7;27.21;3
398;25;20;0.5;7;26.73;3
399;25;20;0.5;7;28.21;3
400;25;20;0.5;7;26.02;3
401;25;20;0.5;7;28.69;3
402;25;20;0.5;7;29.63;3
403;25;20;0.5;14;38.31;3
404;25;20;0.5;14;39.21;3
405;25;20;0.5;14;35.73;3
406;25;20;0.5;14;38.72;3
407;25;20;0.5;14;36.64;3
408;25;20;0.5;14;39.44;3
409;25;20;0.5;28;43.99;3
410;25;20;0.5;28;40.68;3
411;25;20;0.5;28;40.62;3
412;25;20;0.5;28;39.84;3
413;25;20;0.5;28;40.60;3
414;25;20;0.5;28;43.50;3
415;25;20;0.5;7;27.90;4
416;25;20;0.5;7;25.36;4
417;25;20;0.5;7;31.87;4
418;25;20;0.5;7;28.96;4
419;25;20;0.5;7;31.03;4
420;25;20;0.5;7;28.93;4
421;25;20;0.5;14;38.10;4
422;25;20;0.5;14;38.26;4
423;25;20;0.5;14;38.35;4
424;25;20;0.5;14;42.44;4
425;25;20;0.5;14;37.63;4
426;25;20;0.5;14;44.10;4
427;25;20;0.5;28;41.39;4
428;25;20;0.5;28;45.86;4
429;25;20;0.5;28;41.88;4
430;25;20;0.5;28;46.21;4
431;25;20;0.5;28;41.37;4
432;25;20;0.5;28;45.34;4
433;25;50;0.4;7;29.10;1
434;25;50;0.4;7;33.95;1
435;25;50;0.4;7;32.30;1
436;25;50;0.4;7;33.38;1
437;25;50;0.4;7;30.12;1
438;25;50;0.4;7;29.03;1
439;25;50;0.4;14;37.51;1
440;25;50;0.4;14;41.32;1
441;25;50;0.4;14;43.06;1
442;25;50;0.4;14;45.03;1
443;25;50;0.4;14;42.09;1
444;25;50;0.4;14;41.43;1
445;25;50;0.4;28;55.10;1
446;25;50;0.4;28;46.72;1
447;25;50;0.4;28;45.37;1
448;25;50;0.4;28;45.14;1
449;25;50;0.4;28;43.05;1
450;25;50;0.4;28;51.06;1
451;25;50;0.4;7;29.19;2
452;25;50;0.4;7;30.43;2
453;25;50;0.4;7;33.50;2
454;25;50;0.4;7;31.09;2
455;25;50;0.4;7;37.07;2
456;25;50;0.4;7;31.95;2
457;25;50;0.4;14;39.96;2
458;25;50;0.4;14;42.97;2
459;25;50;0.4;14;40.12;2
460;25;50;0.4;14;41.41;2
461;25;50;0.4;14;41.62;2
462;25;50;0.4;14;45.73;2
463;25;50;0.4;28;46.14;2
464;25;50;0.4;28;50.50;2
465;25;50;0.4;28;52.37;2
466;25;50;0.4;28;46.88;2
467;25;50;0.4;28;49.03;2
468;25;50;0.4;28;46.81;2
469;25;50;0.4;7;35.59;3
470;25;50;0.4;7;32.99;3
471;25;50;0.4;7;33.40;3
472;25;50;0.4;7;32.32;3
473;25;50;0.4;7;33.34;3
474;25;50;0.4;7;31.84;3
475;25;50;0.4;14;37.52;3
476;25;50;0.4;14;43.09;3
477;25;50;0.4;14;40.97;3
478;25;50;0.4;14;42.92;3
479;25;50;0.4;14;45.56;3
480;25;50;0.4;14;42.47;3
481;25;50;0.4;28;46.75;3
482;25;50;0.4;28;49.89;3
483;25;50;0.4;28;55.61;3
484;25;50;0.4;28;53.98;3
485;25;50;0.4;28;52.60;3
486;25;50;0.4;28;54.10;3
487;25;50;0.4;7;32.84;4
488;25;50;0.4;7;31.69;4
489;25;50;0.4;7;32.42;4
490;25;50;0.4;7;33.05;4
491;25;50;0.4;7;31.05;4
492;25;50;0.4;7;33.88;4
493;25;50;0.4;14;42.87;4
494;25;50;0.4;14;45.23;4
495;25;50;0.4;14;41.96;4
496;25;50;0.4;14;44.76;4
497;25;50;0.4;14;41.18;4
498;25;50;0.4;14;44.43;4
499;25;50;0.4;28;50.63;4
500;25;50;0.4;28;49.07;4
501;25;50;0.4;28;50.86;4
502;25;50;0.4;28;52.43;4
503;25;50;0.4;28;51.67;4
504;25;50;0.4;28;51.79;4
505;25;50;0.5;7;26.11;1
506;25;50;0.5;7;28.14;1
507;25;50;0.5;7;27.86;1
508;25;50;0.5;7;29.20;1
509;25;50;0.5;7;29.91;1
510;25;50;0.5;7;28.09;1
511;25;50;0.5;14;32.84;1
512;25;50;0.5;14;34.68;1
513;25;50;0.5;14;35.09;1
514;25;50;0.5;14;35.70;1
515;25;50;0.5;14;35.57;1
516;25;50;0.5;14;39.09;1
517;25;50;0.5;28;38.47;1
518;25;50;0.5;28;45.30;1
519;25;50;0.5;28;43.63;1
520;25;50;0.5;28;43.78;1
521;25;50;0.5;28;43.49;1
522;25;50;0.5;28;42.94;1
523;25;50;0.5;7;28.45;2
524;25;50;0.5;7;24.16;2
525;25;50;0.5;7;27.66;2
526;25;50;0.5;7;28.51;2
527;25;50;0.5;7;29.64;2
528;25;50;0.5;7;28.41;2
529;25;50;0.5;14;37.04;2
530;25;50;0.5;14;35.66;2
531;25;50;0.5;14;35.87;2
532;25;50;0.5;14;38.49;2
533;25;50;0.5;14;34.86;2
534;25;50;0.5;14;38.99;2
535;25;50;0.5;28;42.09;2
536;25;50;0.5;28;42.64;2
537;25;50;0.5;28;43.96;2
538;25;50;0.5;28;45.13;2
539;25;50;0.5;28;43.52;2
540;25;50;0.5;28;42.48;2
541;25;50;0.5;7;29.22;3
542;25;50;0.5;7;29.47;3
543;25;50;0.5;7;30.66;3
544;25;50;0.5;7;30.47;3
545;25;50;0.5;7;27.96;3
546;25;50;0.5;7;26.14;3
547;25;50;0.5;14;38.70;3
548;25;50;0.5;14;40.24;3
549;25;50;0.5;14;32.72;3
550;25;50;0.5;14;39.77;3
551;25;50;0.5;14;39.97;3
552;25;50;0.5;14;38.18;3
553;25;50;0.5;28;46.91;3
554;25;50;0.5;28;46.72;3
555;25;50;0.5;28;43.57;3
556;25;50;0.5;28;47.99;3
557;25;50;0.5;28;47.94;3
558;25;50;0.5;28;46.29;3
559;25;50;0.5;7;31.52;4
560;25;50;0.5;7;30.62;4
561;25;50;0.5;7;29.39;4
562;25;50;0.5;7;30.76;4
563;25;50;0.5;7;31.20;4
564;25;50;0.5;7;29.86;4
565;25;50;0.5;14;40.17;4
566;25;50;0.5;14;38.37;4
567;25;50;0.5;14;40.77;4
568;25;50;0.5;14;38.24;4
569;25;50;0.5;14;40.92;4
570;25;50;0.5;14;39.24;4
571;25;50;0.5;28;48.62;4
572;25;50;0.5;28;46.34;4
573;25;50;0.5;28;43.65;4
574;25;50;0.5;28;48.52;4
575;25;50;0.5;28;43.94;4
576;25;50;0.5;28;47.37;4
577;25;70;0.4;7;32.23;1
578;25;70;0.4;7;30.68;1
579;25;70;0.4;7;30.07;1
580;25;70;0.4;7;30.44;1
581;25;70;0.4;7;29.80;1
582;25;70;0.4;7;30.75;1
583;25;70;0.4;14;39.33;1
584;25;70;0.4;14;37.04;1
585;25;70;0.4;14;42.54;1
586;25;70;0.4;14;43.57;1
587;25;70;0.4;14;39.61;1
588;25;70;0.4;14;39.14;1
589;25;70;0.4;28;46.05;1
590;25;70;0.4;28;52.19;1
591;25;70;0.4;28;50.11;1
592;25;70;0.4;28;48.67;1
593;25;70;0.4;28;47.08;1
594;25;70;0.4;28;50.96;1
595;25;70;0.4;7;32.07;2
596;25;70;0.4;7;33.48;2
597;25;70;0.4;7;32.76;2
598;25;70;0.4;7;32.39;2
599;25;70;0.4;7;30.83;2
600;25;70;0.4;7;35.65;2
601;25;70;0.4;14;40.42;2
602;25;70;0.4;14;39.00;2
603;25;70;0.4;14;41.95;2
604;25;70;0.4;14;41.83;2
605;25;70;0.4;14;40.55;2
606;25;70;0.4;14;43.65;2
607;25;70;0.4;28;48.99;2
608;25;70;0.4;28;50.94;2
609;25;70;0.4;28;53.11;2
610;25;70;0.4;28;46.40;2
611;25;70;0.4;28;51.01;2
612;25;70;0.4;28;53.49;2
613;25;70;0.4;7;33.90;3
614;25;70;0.4;7;34.21;3
615;25;70;0.4;7;32.96;3
616;25;70;0.4;7;34.35;3
617;25;70;0.4;7;34.37;3
618;25;70;0.4;7;32.69;3
619;25;70;0.4;14;45.15;3
620;25;70;0.4;14;39.47;3
621;25;70;0.4;14;46.57;3
622;25;70;0.4;14;41.62;3
623;25;70;0.4;14;43.28;3
624;25;70;0.4;14;42.73;3
625;25;70;0.4;28;49.82;3
626;25;70;0.4;28;56.44;3
627;25;70;0.4;28;49.99;3
628;25;70;0.4;28;51.53;3
629;25;70;0.4;28;51.25;3
630;25;70;0.4;28;49.41;3
631;25;70;0.4;7;32.28;4
632;25;70;0.4;7;30.92;4
633;25;70;0.4;7;34.30;4
634;25;70;0.4;7;32.84;4
635;25;70;0.4;7;33.03;4
636;25;70;0.4;7;30.93;4
637;25;70;0.4;14;47.01;4
638;25;70;0.4;14;41.07;4
639;25;70;0.4;14;49.42;4
640;25;70;0.4;14;40.13;4
641;25;70;0.4;14;45.41;4
642;25;70;0.4;14;39.47;4
643;25;70;0.4;28;53.70;4
644;25;70;0.4;28;50.09;4
645;25;70;0.4;28;52.95;4
646;25;70;0.4;28;54.40;4
647;25;70;0.4;28;50.64;4
648;25;70;0.4;28;53.09;4
649;25;70;0.45;7;28.52;1
650;25;70;0.45;7;31.68;1
651;25;70;0.45;7;31.37;1
652;25;70;0.45;7;28.82;1
653;25;70;0.45;7;33.39;1
654;25;70;0.45;7;26.09;1
655;25;70;0.45;14;40.86;1
656;25;70;0.45;14;39.54;1
657;25;70;0.45;14;38.41;1
658;25;70;0.45;14;40.13;1
659;25;70;0.45;14;40.81;1
660;25;70;0.45;14;45.10;1
661;25;70;0.45;28;44.58;1
662;25;70;0.45;28;47.74;1
663;25;70;0.45;28;48.37;1
664;25;70;0.45;28;46.12;1
665;25;70;0.45;28;46.48;1
666;25;70;0.45;28;48.65;1
667;25;70;0.45;7;30.27;2
668;25;70;0.45;7;31.60;2
669;25;70;0.45;7;32.29;2
670;25;70;0.45;7;31.41;2
671;25;70;0.45;7;30.46;2
672;25;70;0.45;7;31.19;2
673;25;70;0.45;14;36.43;2
674;25;70;0.45;14;41.72;2
675;25;70;0.45;14;43.44;2
676;25;70;0.45;14;38.63;2
677;25;70;0.45;14;39.15;2
678;25;70;0.45;14;38.83;2
679;25;70;0.45;28;45.01;2
680;25;70;0.45;28;49.13;2
681;25;70;0.45;28;47.60;2
682;25;70;0.45;28;46.39;2
683;25;70;0.45;28;45.99;2
684;25;70;0.45;28;45.63;2
685;25;70;0.45;7;32.74;3
686;25;70;0.45;7;31.41;3
687;25;70;0.45;7;31.52;3
688;25;70;0.45;7;31.60;3
689;25;70;0.45;7;33.50;3
690;25;70;0.45;7;31.32;3
691;25;70;0.45;14;40.66;3
692;25;70;0.45;14;42.30;3
693;25;70;0.45;14;40.07;3
694;25;70;0.45;14;41.14;3
695;25;70;0.45;14;40.42;3
696;25;70;0.45;14;42.49;3
697;25;70;0.45;28;51.79;3
698;25;70;0.45;28;48.43;3
699;25;70;0.45;28;50.85;3
700;25;70;0.45;28;48.64;3
701;25;70;0.45;28;50.95;3
702;25;70;0.45;28;47.30;3
703;25;70;0.45;7;32.45;4
704;25;70;0.45;7;33.86;4
705;25;70;0.45;7;33.45;4
706;25;70;0.45;7;35.52;4
707;25;70;0.45;7;32.67;4
708;25;70;0.45;7;32.62;4
709;25;70;0.45;14;44.88;4
710;25;70;0.45;14;39.25;4
711;25;70;0.45;14;43.36;4
712;25;70;0.45;14;47.60;4
713;25;70;0.45;14;42.73;4
714;25;70;0.45;14;41.58;4
715;25;70;0.45;28;53.69;4
716;25;70;0.45;28;46.54;4
717;25;70;0.45;28;51.87;4
718;25;70;0.45;28;50.76;4
719;25;70;0.45;28;55.47;4
720;25;70;0.45;28;51.40;4
721;32;20;0.5;7;25.50;1
722;32;20;0.5;7;22.57;1
723;32;20;0.5;7;26.68;1
724;32;20;0.5;7;24.03;1
725;32;20;0.5;7;24.07;1
726;32;20;0.5;7;27.29;1
727;32;20;0.5;14;33.95;1
728;32;20;0.5;14;31.97;1
729;32;20;0.5;14;30.44;1
730;32;20;0.5;14;34.01;1
731;32;20;0.5;14;32.19;1
732;32;20;0.5;14;29.62;1
733;32;20;0.5;28;41.28;1
734;32;20;0.5;28;39.86;1
735;32;20;0.5;28;37.97;1
736;32;20;0.5;28;40.47;1
737;32;20;0.5;28;37.46;1
738;32;20;0.5;28;38.46;1
739;32;20;0.5;7;25.26;2
740;32;20;0.5;7;25.63;2
741;32;20;0.5;7;23.64;2
742;32;20;0.5;7;28.86;2
743;32;20;0.5;7;25.06;2
744;32;20;0.5;7;23.94;2
745;32;20;0.5;14;32.47;2
746;32;20;0.5;14;30.34;2
747;32;20;0.5;14;34.14;2
748;32;20;0.5;14;33.54;2
749;32;20;0.5;14;33.51;2
750;32;20;0.5;14;35.96;2
751;32;20;0.5;28;39.90;2
752;32;20;0.5;28;40.69;2
753;32;20;0.5;28;39.07;2
754;32;20;0.5;28;40.46;2
755;32;20;0.5;28;38.30;2
756;32;20;0.5;28;38.55;2
757;32;20;0.5;7;24.04;3
758;32;20;0.5;7;25.89;3
759;32;20;0.5;7;24.94;3
760;32;20;0.5;7;26.13;3
761;32;20;0.5;7;27.46;3
762;32;20;0.5;7;26.10;3
763;32;20;0.5;14;37.01;3
764;32;20;0.5;14;35.43;3
765;32;20;0.5;14;34.18;3
766;32;20;0.5;14;36.08;3
767;32;20;0.5;14;35.29;3
768;32;20;0.5;14;33.51;3
769;32;20;0.5;28;43.17;3
770;32;20;0.5;28;40.72;3
771;32;20;0.5;28;39.78;3
772;32;20;0.5;28;40.46;3
773;32;20;0.5;28;41.32;3
774;32;20;0.5;28;39.75;3
775;32;20;0.5;7;28.87;4
776;32;20;0.5;7;27.02;4
777;32;20;0.5;7;27.71;4
778;32;20;0.5;7;27.41;4
779;32;20;0.5;7;28.64;4
780;32;20;0.5;7;29.76;4
781;32;20;0.5;14;32.84;4
782;32;20;0.5;14;36.21;4
783;32;20;0.5;14;38.20;4
784;32;20;0.5;14;35.55;4
785;32;20;0.5;14;38.14;4
786;32;20;0.5;14;34.72;4
787;32;20;0.5;28;43.44;4
788;32;20;0.5;28;43.24;4
789;32;20;0.5;28;41.53;4
790;32;20;0.5;28;39.92;4
791;32;20;0.5;28;41.70;4
792;32;20;0.5;28;44.39;4
793;32;50;0.45;7;26.61;1
794;32;50;0.45;7;28.87;1
795;32;50;0.45;7;25.04;1
796;32;50;0.45;7;26.40;1
797;32;50;0.45;7;25.70;1
798;32;50;0.45;7;27.85;1
799;32;50;0.45;14;36.70;1
800;32;50;0.45;14;37.06;1
801;32;50;0.45;14;35.25;1
802;32;50;0.45;14;36.74;1
803;32;50;0.45;14;34.17;1
804;32;50;0.45;14;35.27;1
805;32;50;0.45;28;41.51;1
806;32;50;0.45;28;40.91;1
807;32;50;0.45;28;40.01;1
808;32;50;0.45;28;42.50;1
809;32;50;0.45;28;43.17;1
810;32;50;0.45;28;42.74;1
811;32;50;0.45;7;28.60;2
812;32;50;0.45;7;26.68;2
813;32;50;0.45;7;26.05;2
814;32;50;0.45;7;28.24;2
815;32;50;0.45;7;30.43;2
816;32;50;0.45;7;25.34;2
817;32;50;0.45;14;36.51;2
818;32;50;0.45;14;36.56;2
819;32;50;0.45;14;36.87;2
820;32;50;0.45;14;34.59;2
821;32;50;0.45;14;35.59;2
822;32;50;0.45;14;34.87;2
823;32;50;0.45;28;45.85;2
824;32;50;0.45;28;45.83;2
825;32;50;0.45;28;42.91;2
826;32;50;0.45;28;43.56;2
827;32;50;0.45;28;40.41;2
828;32;50;0.45;28;43.46;2
829;32;50;0.45;7;28.54;3
830;32;50;0.45;7;31.58;3
831;32;50;0.45;7;30.22;3
832;32;50;0.45;7;29.88;3
833;32;50;0.45;7;28.43;3
834;32;50;0.45;7;29.09;3
835;32;50;0.45;14;44.05;3
836;32;50;0.45;14;41.04;3
837;32;50;0.45;14;38.20;3
838;32;50;0.45;14;38.93;3
839;32;50;0.45;14;38.49;3
840;32;50;0.45;14;37.77;3
841;32;50;0.45;28;44.21;3
842;32;50;0.45;28;45.09;3
843;32;50;0.45;28;46.69;3
844;32;50;0.45;28;46.51;3
845;32;50;0.45;28;45.29;3
846;32;50;0.45;28;47.13;3
847;32;50;0.45;7;28.04;4
848;32;50;0.45;7;30.98;4
849;32;50;0.45;7;27.51;4
850;32;50;0.45;7;29.56;4
851;32;50;0.45;7;29.13;4
852;32;50;0.45;7;30.66;4
853;32;50;0.45;14;34.75;4
854;32;50;0.45;14;37.75;4
855;32;50;0.45;14;36.09;4
856;32;50;0.45;14;40.11;4
857;32;50;0.45;14;39.73;4
858;32;50;0.45;14;38.92;4
859;32;50;0.45;28;45.72;4
860;32;50;0.45;28;49.02;4
861;32;50;0.45;28;46.11;4
862;32;50;0.45;28;46.38;4
863;32;50;0.45;28;44.62;4
864;32;50;0.45;28;46.45;4
865;32;50;0.5;7;25.43;1
866;32;50;0.5;7;25.44;1
867;32;50;0.5;7;25.16;1
868;32;50;0.5;7;25.41;1
869;32;50;0.5;7;25.54;1
870;32;50;0.5;7;27.38;1
871;32;50;0.5;14;32.67;1
872;32;50;0.5;14;35.22;1
873;32;50;0.5;14;34.04;1
874;32;50;0.5;14;36.01;1
875;32;50;0.5;14;33.06;1
876;32;50;0.5;14;32.36;1
877;32;50;0.5;28;42.03;1
878;32;50;0.5;28;34.04;1
879;32;50;0.5;28;38.38;1
880;32;50;0.5;28;44.96;1
881;32;50;0.5;28;39.62;1
882;32;50;0.5;28;35.42;1
883;32;50;0.5;7;26.63;2
884;32;50;0.5;7;27.02;2
885;32;50;0.5;7;27.56;2
886;32;50;0.5;7;28.39;2
887;32;50;0.5;7;26.30;2
888;32;50;0.5;7;27.30;2
889;32;50;0.5;14;35.76;2
890;32;50;0.5;14;34.74;2
891;32;50;0.5;14;34.87;2
892;32;50;0.5;14;33.17;2
893;32;50;0.5;14;33.85;2
894;32;50;0.5;14;32.94;2
895;32;50;0.5;28;41.53;2
896;32;50;0.5;28;40.78;2
897;32;50;0.5;28;40.54;2
898;32;50;0.5;28;43.93;2
899;32;50;0.5;28;41.17;2
900;32;50;0.5;28;40.79;2
901;32;50;0.5;7;26.74;3
902;32;50;0.5;7;25.11;3
903;32;50;0.5;7;26.96;3
904;32;50;0.5;7;24.24;3
905;32;50;0.5;7;26.71;3
906;32;50;0.5;7;27.51;3
907;32;50;0.5;14;38.21;3
908;32;50;0.5;14;34.48;3
909;32;50;0.5;14;36.50;3
910;32;50;0.5;14;35.95;3
911;32;50;0.5;14;31.92;3
912;32;50;0.5;14;32.61;3
913;32;50;0.5;28;41.89;3
914;32;50;0.5;28;44.89;3
915;32;50;0.5;28;41.02;3
916;32;50;0.5;28;43.73;3
917;32;50;0.5;28;40.76;3
918;32;50;0.5;28;40.03;3
919;32;50;0.5;7;26.56;4
920;32;50;0.5;7;28.08;4
921;32;50;0.5;7;27.47;4
922;32;50;0.5;7;28.95;4
923;32;50;0.5;7;26.35;4
924;32;50;0.5;7;27.02;4
925;32;50;0.5;14;34.87;4
926;32;50;0.5;14;35.14;4
927;32;50;0.5;14;38.30;4
928;32;50;0.5;14;36.29;4
929;32;50;0.5;14;36.10;4
930;32;50;0.5;14;37.40;4
931;32;50;0.5;28;45.93;4
932;32;50;0.5;28;47.93;4
933;32;50;0.5;28;47.11;4
934;32;50;0.5;28;46.67;4
935;32;50;0.5;28;39.63;4
936;32;50;0.5;28;39.95;4
937;10;50;0.4;7;27.54;1
938;10;50;0.4;7;26.65;1
939;10;50;0.4;7;29.15;1
940;10;50;0.4;7;27.56;1
941;10;50;0.4;7;27.79;1
942;10;50;0.4;7;28.84;1
943;10;50;0.4;14;35.98;1
944;10;50;0.4;14;37.19;1
945;10;50;0.4;14;35.12;1
946;10;50;0.4;14;35.01;1
947;10;50;0.4;14;34.88;1
948;10;50;0.4;14;36.34;1
949;10;50;0.4;28;40.68;1
950;10;50;0.4;28;44.19;1
951;10;50;0.4;28;37.26;1
952;10;50;0.4;28;41.49;1
953;10;50;0.4;28;43.70;1
954;10;50;0.4;28;41.33;1
955;10;50;0.4;7;28.50;5
956;10;50;0.4;7;29.11;5
957;10;50;0.4;7;29.08;5
958;10;50;0.4;7;27.31;5
959;10;50;0.4;7;29.61;5
960;10;50;0.4;7;31.50;5
961;10;50;0.4;14;39.34;5
962;10;50;0.4;14;36.58;5
963;10;50;0.4;14;38.03;5
964;10;50;0.4;14;36.85;5
965;10;50;0.4;14;38.05;5
966;10;50;0.4;14;41.48;5
967;10;50;0.4;28;43.31;5
968;10;50;0.4;28;46.55;5
969;10;50;0.4;28;42.19;5
970;10;50;0.4;28;45.12;5
971;10;50;0.4;28;43.34;5
972;10;50;0.4;28;45.72;5
973;10;50;0.4;7;31.29;6
974;10;50;0.4;7;30.93;6
975;10;50;0.4;7;30.07;6
976;10;50;0.4;7;28.61;6
977;10;50;0.4;7;26.31;6
978;10;50;0.4;7;29.55;6
979;10;50;0.4;14;36.68;6
980;10;50;0.4;14;41.37;6
981;10;50;0.4;14;40.27;6
982;10;50;0.4;14;39.03;6
983;10;50;0.4;14;40.51;6
984;10;50;0.4;14;39.71;6
985;10;50;0.4;28;41.93;6
986;10;50;0.4;28;45.57;6
987;10;50;0.4;28;43.96;6
988;10;50;0.4;28;44.92;6
989;10;50;0.4;28;41.92;6
990;10;50;0.4;28;47.21;6
991;10;50;0.4;7;31.60;7
992;10;50;0.4;7;31.87;7
993;10;50;0.4;7;31.15;7
994;10;50;0.4;7;34.15;7
995;10;50;0.4;7;31.17;7
996;10;50;0.4;7;29.36;7
997;10;50;0.4;14;42.99;7
998;10;50;0.4;14;42.71;7
999;10;50;0.4;14;42.69;7
1000;10;50;0.4;14;42.55;7
1001;10;50;0.4;14;38.56;7
1002;10;50;0.4;14;39.52;7
1003;10;50;0.4;28;47.13;7
1004;10;50;0.4;28;47.94;7
1005;10;50;0.4;28;50.58;7
1006;10;50;0.4;28;45.34;7
1007;10;50;0.4;28;48.32;7
1008;10;50;0.4;28;43.17;7
1009;10;50;0.5;7;25.43;1
1010;10;50;0.5;7;25.16;1
1011;10;50;0.5;7;22.92;1
1012;10;50;0.5;7;24.33;1
1013;10;50;0.5;7;23.51;1
1014;10;50;0.5;7;27.57;1
1015;10;50;0.5;14;36.33;1
1016;10;50;0.5;14;32.88;1
1017;10;50;0.5;14;34.78;1
1018;10;50;0.5;14;31.63;1
1019;10;50;0.5;14;33.63;1
1020;10;50;0.5;14;31.32;1
1021;10;50;0.5;28;35.29;1
1022;10;50;0.5;28;40.53;1
1023;10;50;0.5;28;38.27;1
1024;10;50;0.5;28;34.97;1
1025;10;50;0.5;28;40.10;1
1026;10;50;0.5;28;38.81;1
1027;10;50;0.5;7;26.09;5
1028;10;50;0.5;7;25.90;5
1029;10;50;0.5;7;24.73;5
1030;10;50;0.5;7;25.97;5
1031;10;50;0.5;7;27.21;5
1032;10;50;0.5;7;23.83;5
1033;10;50;0.5;14;30.94;5
1034;10;50;0.5;14;35.50;5
1035;10;50;0.5;14;34.34;5
1036;10;50;0.5;14;33.81;5
1037;10;50;0.5;14;32.23;5
1038;10;50;0.5;14;31.63;5
1039;10;50;0.5;28;41.29;5
1040;10;50;0.5;28;38.87;5
1041;10;50;0.5;28;36.80;5
1042;10;50;0.5;28;40.60;5
1043;10;50;0.5;28;38.11;5
1044;10;50;0.5;28;41.77;5
1045;10;50;0.5;7;28.84;6
1046;10;50;0.5;7;26.95;6
1047;10;50;0.5;7;27.34;6
1048;10;50;0.5;7;27.02;6
1049;10;50;0.5;7;27.50;6
1050;10;50;0.5;7;27.90;6
1051;10;50;0.5;14;33.73;6
1052;10;50;0.5;14;37.16;6
1053;10;50;0.5;14;35.57;6
1054;10;50;0.5;14;32.83;6
1055;10;50;0.5;14;33.53;6
1056;10;50;0.5;14;35.94;6
1057;10;50;0.5;28;38.80;6
1058;10;50;0.5;28;39.46;6
1059;10;50;0.5;28;39.41;6
1060;10;50;0.5;28;44.79;6
1061;10;50;0.5;28;42.50;6
1062;10;50;0.5;28;43.49;6
1063;10;50;0.5;7;27.50;7
1064;10;50;0.5;7;28.65;7
1065;10;50;0.5;7;28.75;7
1066;10;50;0.5;7;28.81;7
1067;10;50;0.5;7;26.79;7
1068;10;50;0.5;7;29.79;7
1069;10;50;0.5;14;39.56;7
1070;10;50;0.5;14;37.12;7
1071;10;50;0.5;14;34.92;7
1072;10;50;0.5;14;38.69;7
1073;10;50;0.5;14;34.37;7
1074;10;50;0.5;14;36.07;7
1075;10;50;0.5;28;45.23;7
1076;10;50;0.5;28;44.20;7
1077;10;50;0.5;28;47.47;7
1078;10;50;0.5;28;43.77;7
1079;10;50;0.5;28;46.29;7
1080;10;50;0.5;28;45.55;7
1081;10;70;0.4;7;26.98;1
1082;10;70;0.4;7;27.51;1
1083;10;70;0.4;7;28.66;1
1084;10;70;0.4;7;28.01;1
1085;10;70;0.4;7;25.39;1
1086;10;70;0.4;7;29.04;1
1087;10;70;0.4;14;35.15;1
1088;10;70;0.4;14;34.41;1
1089;10;70;0.4;14;38.93;1
1090;10;70;0.4;14;33.72;1
1091;10;70;0.4;14;35.28;1
1092;10;70;0.4;14;32.23;1
1093;10;70;0.4;28;46.60;1
1094;10;70;0.4;28;43.71;1
1095;10;70;0.4;28;42.04;1
1096;10;70;0.4;28;45.37;1
1097;10;70;0.4;28;43.57;1
1098;10;70;0.4;28;43.11;1
1099;10;70;0.4;7;30.27;5
1100;10;70;0.4;7;28.52;5
1101;10;70;0.4;7;28.06;5
1102;10;70;0.4;7;28.64;5
1103;10;70;0.4;7;29.03;5
1104;10;70;0.4;7;30.32;5
1105;10;70;0.4;14;39.32;5
1106;10;70;0.4;14;36.33;5
1107;10;70;0.4;14;42.93;5
1108;10;70;0.4;14;40.11;5
1109;10;70;0.4;14;39.66;5
1110;10;70;0.4;14;39.85;5
1111;10;70;0.4;28;42.66;5
1112;10;70;0.4;28;45.34;5
1113;10;70;0.4;28;45.06;5
1114;10;70;0.4;28;46.43;5
1115;10;70;0.4;28;45.20;5
1116;10;70;0.4;28;46.29;5
1117;10;70;0.4;7;31.75;6
1118;10;70;0.4;7;31.93;6
1119;10;70;0.4;7;31.25;6
1120;10;70;0.4;7;26.94;6
1121;10;70;0.4;7;31.58;6
1122;10;70;0.4;7;32.58;6
1123;10;70;0.4;14;43.32;6
1124;10;70;0.4;14;38.06;6
1125;10;70;0.4;14;38.10;6
1126;10;70;0.4;14;39.51;6
1127;10;70;0.4;14;39.21;6
1128;10;70;0.4;14;42.68;6
1129;10;70;0.4;28;48.16;6
1130;10;70;0.4;28;49.35;6
1131;10;70;0.4;28;47.34;6
1132;10;70;0.4;28;44.82;6
1133;10;70;0.4;28;42.21;6
1134;10;70;0.4;28;46.13;6
1135;10;70;0.4;7;29.53;7
1136;10;70;0.4;7;33.42;7
1137;10;70;0.4;7;32.77;7
1138;10;70;0.4;7;33.23;7
1139;10;70;0.4;7;32.15;7
1140;10;70;0.4;7;30.95;7
1141;10;70;0.4;14;40.75;7
1142;10;70;0.4;14;41.82;7
1143;10;70;0.4;14;40.47;7
1144;10;70;0.4;14;39.06;7
1145;10;70;0.4;14;44.37;7
1146;10;70;0.4;14;44.13;7
1147;10;70;0.4;28;48.14;7
1148;10;70;0.4;28;51.14;7
1149;10;70;0.4;28;48.82;7
1150;10;70;0.4;28;53.32;7
1151;10;70;0.4;28;50.62;7
1152;10;70;0.4;28;50.40;7
1153;10;70;0.45;7;25.57;1
1154;10;70;0.45;7;26.86;1
1155;10;70;0.45;7;27.28;1
1156;10;70;0.45;7;25.86;1
1157;10;70;0.45;7;29.02;1
1158;10;70;0.45;7;29.18;1
1159;10;70;0.45;14;33.58;1
1160;10;70;0.45;14;35.84;1
1161;10;70;0.45;14;37.94;1
1162;10;70;0.45;14;32.61;1
1163;10;70;0.45;14;37.90;1
1164;10;70;0.45;14;32.66;1
1165;10;70;0.45;28;43.03;1
1166;10;70;0.45;28;41.57;1
1167;10;70;0.45;28;40.05;1
1168;10;70;0.45;28;40.00;1
1169;10;70;0.45;28;42.36;1
1170;10;70;0.45;28;41.86;1
1171;10;70;0.45;7;29.99;5
1172;10;70;0.45;7;28.42;5
1173;10;70;0.45;7;31.31;5
1174;10;70;0.45;7;28.50;5
1175;10;70;0.45;7;25.90;5
1176;10;70;0.45;7;27.77;5
1177;10;70;0.45;14;35.15;5
1178;10;70;0.45;14;40.43;5
1179;10;70;0.45;14;35.79;5
1180;10;70;0.45;14;40.69;5
1181;10;70;0.45;14;36.70;5
1182;10;70;0.45;14;35.60;5
1183;10;70;0.45;28;40.46;5
1184;10;70;0.45;28;41.64;5
1185;10;70;0.45;28;38.37;5
1186;10;70;0.45;28;43.86;5
1187;10;70;0.45;28;42.58;5
1188;10;70;0.45;28;47.80;5
1189;10;70;0.45;7;32.76;6
1190;10;70;0.45;7;28.24;6
1191;10;70;0.45;7;29.01;6
1192;10;70;0.45;7;29.17;6
1193;10;70;0.45;7;29.50;6
1194;10;70;0.45;7;29.90;6
1195;10;70;0.45;14;38.17;6
1196;10;70;0.45;14;37.87;6
1197;10;70;0.45;14;37.55;6
1198;10;70;0.45;14;41.05;6
1199;10;70;0.45;14;34.83;6
1200;10;70;0.45;14;40.34;6
1201;10;70;0.45;28;43.07;6
1202;10;70;0.45;28;47.49;6
1203;10;70;0.45;28;44.35;6
1204;10;70;0.45;28;48.31;6
1205;10;70;0.45;28;43.05;6
1206;10;70;0.45;28;41.84;6
1207;10;70;0.45;7;31.85;7
1208;10;70;0.45;7;30.70;7
1209;10;70;0.45;7;30.04;7
1210;10;70;0.45;7;29.03;7
1211;10;70;0.45;7;28.80;7
1212;10;70;0.45;7;31.57;7
1213;10;70;0.45;14;43.09;7
1214;10;70;0.45;14;40.84;7
1215;10;70;0.45;14;39.85;7
1216;10;70;0.45;14;44.06;7
1217;10;70;0.45;14;39.92;7
1218;10;70;0.45;14;39.38;7
1219;10;70;0.45;28;45.77;7
1220;10;70;0.45;28;53.44;7
1221;10;70;0.45;28;45.88;7
1222;10;70;0.45;28;46.99;7
1223;10;70;0.45;28;46.61;7
1224;10;70;0.45;28;49.83;7
1225;25;20;0.45;7;27.83;1
1226;25;20;0.45;7;27.70;1
1227;25;20;0.45;7;29.17;1
1228;25;20;0.45;7;27.57;1
1229;25;20;0.45;7;27.25;1
1230;25;20;0.45;7;30.04;1
1231;25;20;0.45;14;38.69;1
1232;25;20;0.45;14;37.34;1
1233;25;20;0.45;14;35.77;1
1234;25;20;0.45;14;37.97;1
1235;25;20;0.45;14;38.09;1
1236;25;20;0.45;14;35.93;1
1237;25;20;0.45;28;41.29;1
1238;25;20;0.45;28;48.84;1
1239;25;20;0.45;28;43.25;1
1240;25;20;0.45;28;45.70;1
1241;25;20;0.45;28;40.95;1
1242;25;20;0.45;28;44.70;1
1243;25;20;0.45;7;29.36;5
1244;25;20;0.45;7;29.30;5
1245;25;20;0.45;7;27.90;5
1246;25;20;0.45;7;28.33;5
1247;25;20;0.45;7;30.19;5
1248;25;20;0.45;7;29.98;5
1249;25;20;0.45;14;40.83;5
1250;25;20;0.45;14;34.00;5
1251;25;20;0.45;14;40.58;5
1252;25;20;0.45;14;38.68;5
1253;25;20;0.45;14;36.89;5
1254;25;20;0.45;14;37.83;5
1255;25;20;0.45;28;43.66;5
1256;25;20;0.45;28;48.57;5
1257;25;20;0.45;28;47.01;5
1258;25;20;0.45;28;48.18;5
1259;25;20;0.45;28;44.57;5
1260;25;20;0.45;28;47.28;5
1261;25;20;0.45;7;31.13;6
1262;25;20;0.45;7;32.63;6
1263;25;20;0.45;7;30.81;6
1264;25;20;0.45;7;31.56;6
1265;25;20;0.45;7;31.87;6
1266;25;20;0.45;7;30.08;6
1267;25;20;0.45;14;40.51;6
1268;25;20;0.45;14;39.75;6
1269;25;20;0.45;14;41.08;6
1270;25;20;0.45;14;42.41;6
1271;25;20;0.45;14;39.96;6
1272;25;20;0.45;14;39.17;6
1273;25;20;0.45;28;51.40;6
1274;25;20;0.45;28;48.04;6
1275;25;20;0.45;28;46.60;6
1276;25;20;0.45;28;48.52;6
1277;25;20;0.45;28;47.19;6
1278;25;20;0.45;28;45.39;6
1279;25;20;0.45;7;31.88;7
1280;25;20;0.45;7;31.79;7
1281;25;20;0.45;7;30.67;7
1282;25;20;0.45;7;34.32;7
1283;25;20;0.45;7;32.88;7
1284;25;20;0.45;7;32.62;7
1285;25;20;0.45;14;43.68;7
1286;25;20;0.45;14;42.36;7
1287;25;20;0.45;14;43.22;7
1288;25;20;0.45;14;45.58;7
1289;25;20;0.45;14;45.73;7
1290;25;20;0.45;14;39.44;7
1291;25;20;0.45;28;46.30;7
1292;25;20;0.45;28;47.11;7
1293;25;20;0.45;28;50.66;7
1294;25;20;0.45;28;45.29;7
1295;25;20;0.45;28;45.09;7
1296;25;20;0.45;28;49.52;7
1297;25;20;0.5;7;23.97;1
1298;25;20;0.5;7;26.15;1
1299;25;20;0.5;7;26.80;1
1300;25;20;0.5;7;26.46;1
1301;25;20;0.5;7;26.84;1
1302;25;20;0.5;7;26.82;1
1303;25;20;0.5;14;34.14;1
1304;25;20;0.5;14;36.06;1
1305;25;20;0.5;14;35.77;1
1306;25;20;0.5;14;35.44;1
1307;25;20;0.5;14;34.98;1
1308;25;20;0.5;14;34.09;1
1309;25;20;0.5;28;41.85;1
1310;25;20;0.5;28;44.47;1
1311;25;20;0.5;28;41.75;1
1312;25;20;0.5;28;44.28;1
1313;25;20;0.5;28;40.57;1
1314;25;20;0.5;28;42.00;1
1315;25;20;0.5;7;26.77;5
1316;25;20;0.5;7;28.31;5
1317;25;20;0.5;7;28.00;5
1318;25;20;0.5;7;23.69;5
1319;25;20;0.5;7;28.03;5
1320;25;20;0.5;7;29.41;5
1321;25;20;0.5;14;33.93;5
1322;25;20;0.5;14;36.93;5
1323;25;20;0.5;14;38.09;5
1324;25;20;0.5;14;37.69;5
1325;25;20;0.5;14;37.77;5
1326;25;20;0.5;14;33.36;5
1327;25;20;0.5;28;41.51;5
1328;25;20;0.5;28;45.20;5
1329;25;20;0.5;28;45.93;5
1330;25;20;0.5;28;43.60;5
1331;25;20;0.5;28;45.95;5
1332;25;20;0.5;28;46.01;5
1333;25;20;0.5;7;32.03;6
1334;25;20;0.5;7;32.49;6
1335;25;20;0.5;7;25.38;6
1336;25;20;0.5;7;27.48;6
1337;25;20;0.5;7;28.11;6
1338;25;20;0.5;7;30.69;6
1339;25;20;0.5;14;36.65;6
1340;25;20;0.5;14;40.00;6
1341;25;20;0.5;14;40.15;6
1342;25;20;0.5;14;38.19;6
1343;25;20;0.5;14;37.56;6
1344;25;20;0.5;14;37.39;6
1345;25;20;0.5;28;44.27;6
1346;25;20;0.5;28;48.16;6
1347;25;20;0.5;28;47.18;6
1348;25;20;0.5;28;43.15;6
1349;25;20;0.5;28;40.95;6
1350;25;20;0.5;28;49.05;6
1351;25;20;0.5;7;31.71;7
1352;25;20;0.5;7;30.05;7
1353;25;20;0.5;7;32.61;7
1354;25;20;0.5;7;30.29;7
1355;25;20;0.5;7;30.10;7
1356;25;20;0.5;7;33.59;7
1357;25;20;0.5;14;43.61;7
1358;25;20;0.5;14;40.09;7
1359;25;20;0.5;14;42.40;7
1360;25;20;0.5;14;43.76;7
1361;25;20;0.5;14;40.05;7
1362;25;20;0.5;14;39.31;7
1363;25;20;0.5;28;48.65;7
1364;25;20;0.5;28;46.78;7
1365;25;20;0.5;28;47.99;7
1366;25;20;0.5;28;50.73;7
1367;25;20;0.5;28;49.56;7
1368;25;20;0.5;28;45.66;7
1369;25;50;0.4;7;26.24;1
1370;25;50;0.4;7;29.86;1
1371;25;50;0.4;7;31.05;1
1372;25;50;0.4;7;30.23;1
1373;25;50;0.4;7;31.84;1
1374;25;50;0.4;7;33.16;1
1375;25;50;0.4;14;38.68;1
1376;25;50;0.4;14;44.14;1
1377;25;50;0.4;14;44.42;1
1378;25;50;0.4;14;45.39;1
1379;25;50;0.4;14;37.50;1
1380;25;50;0.4;14;38.26;1
1381;25;50;0.4;28;41.56;1
1382;25;50;0.4;28;46.33;1
1383;25;50;0.4;28;44.59;1
1384;25;50;0.4;28;46.64;1
1385;25;50;0.4;28;45.83;1
1386;25;50;0.4;28;51.48;1
1387;25;50;0.4;7;32.10;5
1388;25;50;0.4;7;30.97;5
1389;25;50;0.4;7;32.19;5
1390;25;50;0.4;7;33.42;5
1391;25;50;0.4;7;30.42;5
1392;25;50;0.4;7;33.37;5
1393;25;50;0.4;14;45.28;5
1394;25;50;0.4;14;42.67;5
1395;25;50;0.4;14;45.69;5
1396;25;50;0.4;14;40.69;5
1397;25;50;0.4;14;41.75;5
1398;25;50;0.4;14;37.80;5
1399;25;50;0.4;28;48.48;5
1400;25;50;0.4;28;53.27;5
1401;25;50;0.4;28;47.95;5
1402;25;50;0.4;28;52.99;5
1403;25;50;0.4;28;52.61;5
1404;25;50;0.4;28;53.48;5
1405;25;50;0.4;7;31.09;6
1406;25;50;0.4;7;35.15;6
1407;25;50;0.4;7;34.05;6
1408;25;50;0.4;7;31.88;6
1409;25;50;0.4;7;31.84;6
1410;25;50;0.4;7;31.78;6
1411;25;50;0.4;14;43.57;6
1412;25;50;0.4;14;38.35;6
1413;25;50;0.4;14;42.34;6
1414;25;50;0.4;14;41.52;6
1415;25;50;0.4;14;45.52;6
1416;25;50;0.4;14;44.23;6
1417;25;50;0.4;28;56.02;6
1418;25;50;0.4;28;49.49;6
1419;25;50;0.4;28;52.51;6
1420;25;50;0.4;28;49.09;6
1421;25;50;0.4;28;51.65;6
1422;25;50;0.4;28;53.06;6
1423;25;50;0.4;7;38.33;7
1424;25;50;0.4;7;32.68;7
1425;25;50;0.4;7;33.80;7
1426;25;50;0.4;7;33.88;7
1427;25;50;0.4;7;30.88;7
1428;25;50;0.4;7;29.70;7
1429;25;50;0.4;14;45.44;7
1430;25;50;0.4;14;43.18;7
1431;25;50;0.4;14;44.16;7
1432;25;50;0.4;14;46.62;7
1433;25;50;0.4;14;44.40;7
1434;25;50;0.4;14;44.16;7
1435;25;50;0.4;28;54.24;7
1436;25;50;0.4;28;52.77;7
1437;25;50;0.4;28;55.14;7
1438;25;50;0.4;28;53.47;7
1439;25;50;0.4;28;53.70;7
1440;25;50;0.4;28;52.51;7
1441;25;50;0.5;7;26.93;1
1442;25;50;0.5;7;26.69;1
1443;25;50;0.5;7;28.84;1
1444;25;50;0.5;7;29.18;1
1445;25;50;0.5;7;30.47;1
1446;25;50;0.5;7;25.66;1
1447;25;50;0.5;14;38.15;1
1448;25;50;0.5;14;38.56;1
1449;25;50;0.5;14;35.05;1
1450;25;50;0.5;14;34.23;1
1451;25;50;0.5;14;36.68;1
1452;25;50;0.5;14;33.86;1
1453;25;50;0.5;28;42.07;1
1454;25;50;0.5;28;40.68;1
1455;25;50;0.5;28;44.67;1
1456;25;50;0.5;28;42.46;1
1457;25;50;0.5;28;46.37;1
1458;25;50;0.5;28;44.44;1
1459;25;50;0.5;7;28.84;5
1460;25;50;0.5;7;30.56;5
1461;25;50;0.5;7;27.95;5
1462;25;50;0.5;7;29.24;5
1463;25;50;0.5;7;30.15;5
1464;25;50;0.5;7;28.43;5
1465;25;50;0.5;14;33.44;5
1466;25;50;0.5;14;37.81;5
1467;25;50;0.5;14;37.72;5
1468;25;50;0.5;14;38.26;5
1469;25;50;0.5;14;35.31;5
1470;25;50;0.5;14;36.41;5
1471;25;50;0.5;28;40.77;5
1472;25;50;0.5;28;45.90;5
1473;25;50;0.5;28;46.11;5
1474;25;50;0.5;28;42.74;5
1475;25;50;0.5;28;45.76;5
1476;25;50;0.5;28;42.40;5
1477;25;50;0.5;7;26.45;6
1478;25;50;0.5;7;28.22;6
1479;25;50;0.5;7;32.25;6
1480;25;50;0.5;7;31.72;6
1481;25;50;0.5;7;29.24;6
1482;25;50;0.5;7;32.63;6
1483;25;50;0.5;14;41.41;6
1484;25;50;0.5;14;38.84;6
1485;25;50;0.5;14;39.23;6
1486;25;50;0.5;14;40.34;6
1487;25;50;0.5;14;36.44;6
1488;25;50;0.5;14;38.09;6
1489;25;50;0.5;28;44.31;6
1490;25;50;0.5;28;44.28;6
1491;25;50;0.5;28;47.61;6
1492;25;50;0.5;28;46.74;6
1493;25;50;0.5;28;45.48;6
1494;25;50;0.5;28;47.36;6
1495;25;50;0.5;7;30.09;7
1496;25;50;0.5;7;29.13;7
1497;25;50;0.5;7;31.34;7
1498;25;50;0.5;7;29.68;7
1499;25;50;0.5;7;29.89;7
1500;25;50;0.5;7;32.98;7
1501;25;50;0.5;14;38.17;7
1502;25;50;0.5;14;43.07;7
1503;25;50;0.5;14;39.86;7
1504;25;50;0.5;14;36.23;7
1505;25;50;0.5;14;41.69;7
1506;25;50;0.5;14;43.63;7
1507;25;50;0.5;28;53.19;7
1508;25;50;0.5;28;46.78;7
1509;25;50;0.5;28;45.49;7
1510;25;50;0.5;28;49.58;7
1511;25;50;0.5;28;50.57;7
1512;25;50;0.5;28;52.19;7
1513;25;70;0.4;7;32.06;1
1514;25;70;0.4;7;33.24;1
1515;25;70;0.4;7;33.09;1
1516;25;70;0.4;7;31.19;1
1517;25;70;0.4;7;31.97;1
1518;25;70;0.4;7;31.54;1
1519;25;70;0.4;14;42.41;1
1520;25;70;0.4;14;41.99;1
1521;25;70;0.4;14;41.28;1
1522;25;70;0.4;14;43.44;1
1523;25;70;0.4;14;41.25;1
1524;25;70;0.4;14;42.47;1
1525;25;70;0.4;28;47.10;1
1526;25;70;0.4;28;44.19;1
1527;25;70;0.4;28;51.63;1
1528;25;70;0.4;28;50.14;1
1529;25;70;0.4;28;45.88;1
1530;25;70;0.4;28;48.77;1
1531;25;70;0.4;7;34.65;5
1532;25;70;0.4;7;32.12;5
1533;25;70;0.4;7;30.76;5
1534;25;70;0.4;7;33.36;5
1535;25;70;0.4;7;31.13;5
1536;25;70;0.4;7;33.65;5
1537;25;70;0.4;14;43.36;5
1538;25;70;0.4;14;44.68;5
1539;25;70;0.4;14;39.24;5
1540;25;70;0.4;14;39.60;5
1541;25;70;0.4;14;43.76;5
1542;25;70;0.4;14;41.80;5
1543;25;70;0.4;28;47.23;5
1544;25;70;0.4;28;49.33;5
1545;25;70;0.4;28;51.92;5
1546;25;70;0.4;28;49.26;5
1547;25;70;0.4;28;55.12;5
1548;25;70;0.4;28;53.06;5
1549;25;70;0.4;7;38.57;6
1550;25;70;0.4;7;34.83;6
1551;25;70;0.4;7;33.53;6
1552;25;70;0.4;7;35.17;6
1553;25;70;0.4;7;32.84;6
1554;25;70;0.4;7;33.45;6
1555;25;70;0.4;14;44.76;6
1556;25;70;0.4;14;45.49;6
1557;25;70;0.4;14;49.07;6
1558;25;70;0.4;14;41.31;6
1559;25;70;0.4;14;46.66;6
1560;25;70;0.4;14;48.35;6
1561;25;70;0.4;28;53.26;6
1562;25;70;0.4;28;56.12;6
1563;25;70;0.4;28;50.22;6
1564;25;70;0.4;28;56.20;6
1565;25;70;0.4;28;50.80;6
1566;25;70;0.4;28;55.82;6
1567;25;70;0.4;7;31.82;7
1568;25;70;0.4;7;33.25;7
1569;25;70;0.4;7;40.18;7
1570;25;70;0.4;7;36.16;7
1571;25;70;0.4;7;34.85;7
1572;25;70;0.4;7;33.79;7
1573;25;70;0.4;14;47.01;7
1574;25;70;0.4;14;42.37;7
1575;25;70;0.4;14;45.01;7
1576;25;70;0.4;14;44.35;7
1577;25;70;0.4;14;47.46;7
1578;25;70;0.4;14;47.50;7
1579;25;70;0.4;28;55.77;7
1580;25;70;0.4;28;58.73;7
1581;25;70;0.4;28;56.07;7
1582;25;70;0.4;28;55.33;7
1583;25;70;0.4;28;53.76;7
1584;25;70;0.4;28;58.96;7
1585;25;70;0.45;7;28.53;1
1586;25;70;0.45;7;32.51;1
1587;25;70;0.45;7;29.18;1
1588;25;70;0.45;7;30.11;1
1589;25;70;0.45;7;30.79;1
1590;25;70;0.45;7;28.90;1
1591;25;70;0.45;14;36.39;1
1592;25;70;0.45;14;39.16;1
1593;25;70;0.45;14;40.39;1
1594;25;70;0.45;14;41.20;1
1595;25;70;0.45;14;38.60;1
1596;25;70;0.45;14;41.85;1
1597;25;70;0.45;28;45.89;1
1598;25;70;0.45;28;47.09;1
1599;25;70;0.45;28;46.45;1
1600;25;70;0.45;28;41.68;1
1601;25;70;0.45;28;43.52;1
1602;25;70;0.45;28;50.06;1
1603;25;70;0.45;7;31.96;5
1604;25;70;0.45;7;32.11;5
1605;25;70;0.45;7;30.34;5
1606;25;70;0.45;7;31.40;5
1607;25;70;0.45;7;32.04;5
1608;25;70;0.45;7;31.45;5
1609;25;70;0.45;14;39.45;5
1610;25;70;0.45;14;40.17;5
1611;25;70;0.45;14;36.78;5
1612;25;70;0.45;14;45.95;5
1613;25;70;0.45;14;46.12;5
1614;25;70;0.45;14;35.86;5
1615;25;70;0.45;28;49.49;5
1616;25;70;0.45;28;46.90;5
1617;25;70;0.45;28;48.91;5
1618;25;70;0.45;28;47.28;5
1619;25;70;0.45;28;48.77;5
1620;25;70;0.45;28;46.56;5
1621;25;70;0.45;7;31.33;6
1622;25;70;0.45;7;34.92;6
1623;25;70;0.45;7;34.82;6
1624;25;70;0.45;7;33.12;6
1625;25;70;0.45;7;31.44;6
1626;25;70;0.45;7;34.68;6
1627;25;70;0.45;14;42.86;6
1628;25;70;0.45;14;44.07;6
1629;25;70;0.45;14;40.54;6
1630;25;70;0.45;14;45.64;6
1631;25;70;0.45;14;41.67;6
1632;25;70;0.45;14;43.25;6
1633;25;70;0.45;28;51.20;6
1634;25;70;0.45;28;51.31;6
1635;25;70;0.45;28;48.34;6
1636;25;70;0.45;28;51.83;6
1637;25;70;0.45;28;52.44;6
1638;25;70;0.45;28;50.57;6
1639;25;70;0.45;7;31.34;7
1640;25;70;0.45;7;31.75;7
1641;25;70;0.45;7;32.54;7
1642;25;70;0.45;7;31.70;7
1643;25;70;0.45;7;30.92;7
1644;25;70;0.45;7;34.67;7
1645;25;70;0.45;14;40.61;7
1646;25;70;0.45;14;40.94;7
1647;25;70;0.45;14;45.69;7
1648;25;70;0.45;14;48.06;7
1649;25;70;0.45;14;44.80;7
1650;25;70;0.45;14;49.12;7
1651;25;70;0.45;28;49.58;7
1652;25;70;0.45;28;57.13;7
1653;25;70;0.45;28;49.42;7
1654;25;70;0.45;28;54.03;7
1655;25;70;0.45;28;54.52;7
1656;25;70;0.45;28;53.06;7
1657;32;20;0.5;7;24.66;1
1658;32;20;0.5;7;27.33;1
1659;32;20;0.5;7;23.85;1
1660;32;20;0.5;7;27.69;1
1661;32;20;0.5;7;25.17;1
1662;32;20;0.5;7;26.66;1
1663;32;20;0.5;14;29.92;1
1664;32;20;0.5;14;33.26;1
1665;32;20;0.5;14;32.64;1
1666;32;20;0.5;14;32.24;1
1667;32;20;0.5;14;30.41;1
1668;32;20;0.5;14;30.66;1
1669;32;20;0.5;28;36.36;1
1670;32;20;0.5;28;35.84;1
1671;32;20;0.5;28;40.41;1
1672;32;20;0.5;28;38.01;1
1673;32;20;0.5;28;34.32;1
1674;32;20;0.5;28;40.94;1
1675;32;20;0.5;7;26.14;5
1676;32;20;0.5;7;27.65;5
1677;32;20;0.5;7;26.06;5
1678;32;20;0.5;7;25.72;5
1679;32;20;0.5;7;27.70;5
1680;32;20;0.5;7;24.51;5
1681;32;20;0.5;14;36.23;5
1682;32;20;0.5;14;37.49;5
1683;32;20;0.5;14;33.56;5
1684;32;20;0.5;14;32.05;5
1685;32;20;0.5;14;35.48;5
1686;32;20;0.5;14;32.29;5
1687;32;20;0.5;28;43.47;5
1688;32;20;0.5;28;39.02;5
1689;32;20;0.5;28;38.83;5
1690;32;20;0.5;28;42.20;5
1691;32;20;0.5;28;44.73;5
1692;32;20;0.5;28;40.36;5
1693;32;20;0.5;7;29.01;6
1694;32;20;0.5;7;26.73;6
1695;32;20;0.5;7;29.71;6
1696;32;20;0.5;7;26.52;6
1697;32;20;0.5;7;25.99;6
1698;32;20;0.5;7;29.94;6
1699;32;20;0.5;14;35.49;6
1700;32;20;0.5;14;37.15;6
1701;32;20;0.5;14;36.37;6
1702;32;20;0.5;14;36.56;6
1703;32;20;0.5;14;33.54;6
1704;32;20;0.5;14;40.24;6
1705;32;20;0.5;28;44.70;6
1706;32;20;0.5;28;42.30;6
1707;32;20;0.5;28;45.21;6
1708;32;20;0.5;28;39.89;6
1709;32;20;0.5;28;42.44;6
1710;32;20;0.5;28;41.34;6
1711;32;20;0.5;7;29.04;7
1712;32;20;0.5;7;27.47;7
1713;32;20;0.5;7;30.59;7
1714;32;20;0.5;7;26.74;7
1715;32;20;0.5;7;26.95;7
1716;32;20;0.5;7;26.58;7
1717;32;20;0.5;14;36.52;7
1718;32;20;0.5;14;36.89;7
1719;32;20;0.5;14;40.71;7
1720;32;20;0.5;14;35.98;7
1721;32;20;0.5;14;38.27;7
1722;32;20;0.5;14;37.48;7
1723;32;20;0.5;28;43.40;7
1724;32;20;0.5;28;42.53;7
1725;32;20;0.5;28;42.16;7
1726;32;20;0.5;28;41.00;7
1727;32;20;0.5;28;44.88;7
1728;32;20;0.5;28;44.23;7
1729;32;50;0.45;7;27.11;1
1730;32;50;0.45;7;28.40;1
1731;32;50;0.45;7;26.34;1
1732;32;50;0.45;7;29.54;1
1733;32;50;0.45;7;28.04;1
1734;32;50;0.45;7;28.42;1
1735;32;50;0.45;14;34.82;1
1736;32;50;0.45;14;34.91;1
1737;32;50;0.45;14;35.50;1
1738;32;50;0.45;14;38.51;1
1739;32;50;0.45;14;37.31;1
1740;32;50;0.45;14;35.62;1
1741;32;50;0.45;28;42.71;1
1742;32;50;0.45;28;44.37;1
1743;32;50;0.45;28;45.15;1
1744;32;50;0.45;28;43.13;1
1745;32;50;0.45;28;44.06;1
1746;32;50;0.45;28;41.66;1
1747;32;50;0.45;7;29.87;5
1748;32;50;0.45;7;29.07;5
1749;32;50;0.45;7;28.72;5
1750;32;50;0.45;7;30.95;5
1751;32;50;0.45;7;29.01;5
1752;32;50;0.45;7;30.07;5
1753;32;50;0.45;14;33.45;5
1754;32;50;0.45;14;37.69;5
1755;32;50;0.45;14;38.43;5
1756;32;50;0.45;14;40.42;5
1757;32;50;0.45;14;36.82;5
1758;32;50;0.45;14;40.66;5
1759;32;50;0.45;28;42.63;5
1760;32;50;0.45;28;41.91;5
1761;32;50;0.45;28;45.84;5
1762;32;50;0.45;28;46.41;5
1763;32;50;0.45;28;47.98;5
1764;32;50;0.45;28;41.22;5
1765;32;50;0.45;7;29.42;6
1766;32;50;0.45;7;27.87;6
1767;32;50;0.45;7;29.17;6
1768;32;50;0.45;7;31.44;6
1769;32;50;0.45;7;31.27;6
1770;32;50;0.45;7;29.70;6
1771;32;50;0.45;14;38.49;6
1772;32;50;0.45;14;39.90;6
1773;32;50;0.45;14;39.24;6
1774;32;50;0.45;14;39.40;6
1775;32;50;0.45;14;39.47;6
1776;32;50;0.45;14;38.70;6
1777;32;50;0.45;28;47.63;6
1778;32;50;0.45;28;44.16;6
1779;32;50;0.45;28;46.96;6
1780;32;50;0.45;28;48.18;6
1781;32;50;0.45;28;40.53;6
1782;32;50;0.45;28;48.58;6
1783;32;50;0.45;7;28.50;7
1784;32;50;0.45;7;31.45;7
1785;32;50;0.45;7;31.74;7
1786;32;50;0.45;7;30.33;7
1787;32;50;0.45;7;33.63;7
1788;32;50;0.45;7;31.94;7
1789;32;50;0.45;14;40.08;7
1790;32;50;0.45;14;42.45;7
1791;32;50;0.45;14;38.14;7
1792;32;50;0.45;14;41.28;7
1793;32;50;0.45;14;36.19;7
1794;32;50;0.45;14;41.16;7
1795;32;50;0.45;28;44.57;7
1796;32;50;0.45;28;48.95;7
1797;32;50;0.45;28;49.14;7
1798;32;50;0.45;28;48.12;7
1799;32;50;0.45;28;49.10;7
1800;32;50;0.45;28;49.21;7
1801;32;50;0.5;7;26.80;1
1802;32;50;0.5;7;25.86;1
1803;32;50;0.5;7;25.47;1
1804;32;50;0.5;7;25.24;1
1805;32;50;0.5;7;26.45;1
1806;32;50;0.5;7;25.92;1
1807;32;50;0.5;14;31.89;1
1808;32;50;0.5;14;33.87;1
1809;32;50;0.5;14;35.17;1
1810;32;50;0.5;14;31.99;1
1811;32;50;0.5;14;35.15;1
1812;32;50;0.5;14;35.28;1
1813;32;50;0.5;28;39.50;1
1814;32;50;0.5;28;37.85;1
1815;32;50;0.5;28;38.26;1
1816;32;50;0.5;28;41.68;1
1817;32;50;0.5;28;37.03;1
1818;32;50;0.5;28;39.10;1
1819;32;50;0.5;7;27.37;5
1820;32;50;0.5;7;25.97;5
1821;32;50;0.5;7;27.13;5
1822;32;50;0.5;7;27.69;5
1823;32;50;0.5;7;26.42;5
1824;32;50;0.5;7;26.91;5
1825;32;50;0.5;14;35.24;5
1826;32;50;0.5;14;37.41;5
1827;32;50;0.5;14;36.05;5
1828;32;50;0.5;14;35.01;5
1829;32;50;0.5;14;36.64;5
1830;32;50;0.5;14;35.14;5
1831;32;50;0.5;28;41.64;5
1832;32;50;0.5;28;42.25;5
1833;32;50;0.5;28;39.49;5
1834;32;50;0.5;28;42.95;5
1835;32;50;0.5;28;42.56;5
1836;32;50;0.5;28;44.66;5
1837;32;50;0.5;7;25.74;6
1838;32;50;0.5;7;28.07;6
1839;32;50;0.5;7;30.85;6
1840;32;50;0.5;7;28.89;6
1841;32;50;0.5;7;29.92;6
1842;32;50;0.5;7;27.86;6
1843;32;50;0.5;14;38.27;6
1844;32;50;0.5;14;40.03;6
1845;32;50;0.5;14;34.08;6
1846;32;50;0.5;14;38.50;6
1847;32;50;0.5;14;38.69;6
1848;32;50;0.5;14;35.74;6
1849;32;50;0.5;28;40.97;6
1850;32;50;0.5;28;40.75;6
1851;32;50;0.5;28;46.96;6
1852;32;50;0.5;28;40.22;6
1853;32;50;0.5;28;46.61;6
1854;32;50;0.5;28;46.60;6
1855;32;50;0.5;7;28.17;7
1856;32;50;0.5;7;28.89;7
1857;32;50;0.5;7;32.33;7
1858;32;50;0.5;7;30.01;7
1859;32;50;0.5;7;29.36;7
1860;32;50;0.5;7;29.62;7
1861;32;50;0.5;14;39.14;7
1862;32;50;0.5;14;38.26;7
1863;32;50;0.5;14;36.77;7
1864;32;50;0.5;14;36.19;7
1865;32;50;0.5;14;35.68;7
1866;32;50;0.5;14;34.26;7
1867;32;50;0.5;28;45.95;7
1868;32;50;0.5;28;47.89;7
1869;32;50;0.5;28;44.20;7
1870;32;50;0.5;28;43.48;7
1871;32;50;0.5;28;45.08;7
1872;32;50;0.5;28;46.07;7
